-- 商家插入数据
INSERT INTO `business` (`bid`, `username`, `password`, `email`, `tel`) VALUES
(1, 'shophuang', '123456', '1060031655@qq.com', '123456789'),
(2, 'aaa', '123456', '123@qq.com', '123'),
(3, 'bbb', '123456', '456@qq.com', '456'),
(4, 'ccc', '123456', '789@qq.com', '789'),
(5, 'ddd', '123456', '159@qq.com', '56789');


--商铺插入数据
INSERT INTO `shop` (`sid`, `bid`, `s_address`, `s_img`, `sname`) VALUES
(1, 1, '安徽铜陵', 'shop.jpg', '黄氏包子店'),
(2, 2, '山东青岛', 'shop.jpg', '阿萨德店'),
(3, 3, '上海', 'shop.jpg', '地方店'),
(4, 4, '江苏南京', 'shop.jpg', '轻微店'),
(5, 5, '浙江杭州', 'shop.jpg', '撒打算店');


-- 插入商品
INSERT INTO `goods` (`gid`, `sid`, `g_name`, `price`, `g_img`, `count`, `g_classa`, `g_classb`, `g_evaluate`, `sold`) VALUES
(1, 1, '苹果', '5', 'fruit.jpg', '55', '瓜果', '苹果', '33%', '3333'),
(2, 2, '苹果', '6', 'fruit.jpg', '55', '瓜果', '苹果', '33%', '3333'),
(3, 3, '苹果', '7', 'fruit.jpg', '55', '瓜果', '苹果', '33%', '3333'),
(4, 4, '苹果', '4.5', 'fruit.jpg', '55', '瓜果', '苹果', '33%', '3333'),
(5, 5, '苹果', '2.5', 'fruit.jpg', '55', '瓜果', '苹果', '33%', '3333'),
(6, 1, '梨子', '5.5', 'fruit.jpg', '55', '瓜果', '梨子', '33%', '3333'),
(7, 2, '梨子', '5.5', 'fruit.jpg', '55', '瓜果', '梨子', '33%', '3333'),
(8, 3, '梨子', '515', 'fruit.jpg', '55', '瓜果', '梨子', '33%', '3333'),
(9, 4, '梨子', '5.3', 'fruit.jpg', '55', '瓜果', '梨子', '33%', '3333'),
(10, 5, '梨子', '5.5', 'fruit.jpg', '55', '瓜果', '梨子', '33%', '3333'),
(11, 1, '香蕉', '5.5', 'fruit.jpg', '55', '瓜果', '香蕉', '33%', '3333'),
(12, 2, '香蕉', '5.5', 'fruit.jpg', '55', '瓜果', '香蕉', '33%', '3333'),
(13, 3, '香蕉', '5.5', 'fruit.jpg', '55', '瓜果', '香蕉', '33%', '3333');

