-- 商家插入数据
INSERT INTO `business` (`bid`, `username`, `password`, `email`, `tel`) VALUES
(1, 'shophuang', '123456', '1060031655@qq.com', '123456789'),
(2, 'aaa', '123456', '123@qq.com', '123'),
(3, 'bbb', '123456', '456@qq.com', '456'),
(4, 'ccc', '123456', '789@qq.com', '789'),
(5, 'ddd', '123456', '159@qq.com', '56789');


--商铺插入数据
INSERT INTO `shop` (`sid`, `bid`, `s_address`, `s_img`, `sname`) VALUES
(1, 1, '安徽铜陵', 'shop.jpg', '黄氏包子店'),
(2, 2, '山东青岛', 'shop.jpg', '阿萨德店'),
(3, 3, '上海', 'shop.jpg', '地方店'),
(4, 4, '江苏南京', 'shop.jpg', '轻微店'),
(5, 5, '浙江杭州', 'shop.jpg', '撒打算店');


-- 插入商品
INSERT INTO `goods` (`gid`, `sid`, `g_name`, `price`, `g_img`, `count`, `g_classa`, `g_classb`, `g_evaluate`, `sold`) VALUES
(1, 1, '苹果', '5', 'fruit.jpg', '55', '瓜果', '苹果', '33%', '3333'),
(2, 2, '苹果', '6', 'fruit.jpg', '55', '瓜果', '苹果', '33%', '3333'),
(3, 3, '苹果', '7', 'fruit.jpg', '55', '瓜果', '苹果', '33%', '3333'),
(4, 4, '苹果', '4.5', 'fruit.jpg', '55', '瓜果', '苹果', '33%', '3333'),
(5, 5, '苹果', '2.5', 'fruit.jpg', '55', '瓜果', '苹果', '33%', '3333'),
(6, 1, '梨子', '5.5', 'fruit.jpg', '55', '瓜果', '梨子', '33%', '3333'),
(7, 2, '梨子', '5.5', 'fruit.jpg', '55', '瓜果', '梨子', '33%', '3333'),
(8, 3, '梨子', '515', 'fruit.jpg', '55', '瓜果', '梨子', '33%', '3333'),
(9, 4, '梨子', '5.3', 'fruit.jpg', '55', '瓜果', '梨子', '33%', '3333'),
(10, 5, '梨子', '5.5', 'fruit.jpg', '55', '瓜果', '梨子', '33%', '3333'),
(11, 1, '香蕉', '5.5', 'fruit.jpg', '55', '瓜果', '香蕉', '33%', '3333'),
(12, 2, '香蕉', '5.5', 'fruit.jpg', '55', '瓜果', '香蕉', '33%', '3333'),
(13, 3, '香蕉', '5.5', 'fruit.jpg', '55', '瓜果', '香蕉', '33%', '3333');

--插入系统数据
INSERT INTO `system` (`guidea`, `guideb`, `guidec`) VALUES
('水果', '苹果', '红苹果'),('水果', '苹果', '青苹果'),('水果', '苹果', '大苹果'),('水果', '苹果', '小苹果'),('水果', '苹果', '红富士'),('水果', '苹果', '澳洲青苹'),
('水果', '香蕉', '大蕉'),('水果', '香蕉', '仙人蕉'),('水果', '香蕉', '香牙蕉'),('水果', '香蕉', '西贡蕉'),('水果', '香蕉', '美蕉'),
('水果', '桃子', '水蜜桃'),('水果', '桃子', '猕猴桃'),('水果', '桃子', '油桃'),('水果', '桃子', '黄桃'),('水果', '桃子', '蟠桃'),
('水果', '樱桃', '大樱桃'),('水果', '樱桃', '小樱桃'),
('水果', '西瓜', '大西瓜'),('水果', '西瓜', '小西瓜'),('水果', '西瓜', '方形西瓜'),('水果', '西瓜', '无籽西瓜'),
('水果', '橘子', '大橘子'),('水果', '橘子', '小橘子'),('水果', '橘子', '砂糖橘'),
('水果', '梨子', '大梨子'),('水果', '梨子', '小梨子'),('水果', '梨子', '苹果梨'),
--------------------
('家常菜', '青菜类', '大白菜'),('家常菜', '青菜类', '小白菜'),('家常菜', '青菜类', '豆角'),('家常菜', '青菜类', '毛豆'),
('家常菜', '瓜类', '黄瓜'),('家常菜', '瓜类', '丝瓜'),('家常菜', '瓜类', '冬瓜'),('家常菜', '瓜类', '木瓜'),('家常菜', '瓜类', '北瓜'),
('家常菜', '蘑菇类', '金针菇'),('家常菜', '蘑菇类', '香菇'),('家常菜', '蘑菇类', '小蘑菇'),
('家常菜', '腌菜类', '腌白菜'),('家常菜', '腌菜类', '腌萝卜'),('家常菜', '腌菜类', '腌豆角'),
-----------------
('小吃零食', '辣条', '卫龙'),('小吃零食', '辣条', '棒棒鸡'),('小吃零食', '辣条', '香菇肥牛'),('小吃零食', '辣条', '口水鸡'),('小吃零食', '辣条', '大刀肉'),
('小吃零食', '薯片', '乐事'),('小吃零食', '薯片', '上好佳'),('小吃零食', '薯片', '可比克'),('小吃零食', '薯片', '##'),
('小吃零食', '饼干', '达利园'),('小吃零食', '饼干', '盼盼'),('小吃零食', '饼干', '奥利奥'),
('小吃零食', '面包', '毛毛虫'),('小吃零食', '面包', '红豆面包'),('小吃零食', '面包', '奶油面包'),
('小吃零食', '糖', '话梅糖'),('小吃零食', '糖', '旺仔牛奶糖'),('小吃零食', '糖', '金丝猴'),('小吃零食', '糖', '大白兔'),
---------------------
('海鲜水产', '虾类', '大龙虾'),('海鲜水产', '虾类', '小龙虾'),('海鲜水产', '虾类', '虾米'),
('海鲜水产', '鱼类', '金枪鱼'),('海鲜水产', '鱼类', '鲨鱼'),('海鲜水产', '鱼类', '带鱼'),('海鲜水产', '鱼类', '鲸鱼'),
('海鲜水产', '蟹类', '大螃蟹'),('海鲜水产', '蟹类', '小螃蟹'),('海鲜水产', '蟹类', '小小螃蟹'),
('海鲜水产', '贝类', '扇贝'),('海鲜水产', '贝类', '贝壳'),
('海鲜水产', '菜类', '海带'),('海鲜水产', '菜类', '紫菜'),
-------------------------
('禽类蛋品', '鸡', '老母鸡'),('禽类蛋品', '鸡', '大公鸡'),('禽类蛋品', '鸡', '小鸡'),('禽类蛋品', '鸡', '野鸡'),
('禽类蛋品', '鸭', '老母鸭'),('禽类蛋品', '鸭', '大公鸭'),('禽类蛋品', '鸭', '小鸭'),('禽类蛋品', '鸭', '野鸭'),
('禽类蛋品', '鹅', '老母鹅'),('禽类蛋品', '鹅', '大公鹅'),('禽类蛋品', '鹅', '小鹅'),('禽类蛋品', '鹅', '野鹅'),
('禽类蛋品', '蛋类', '鸡蛋'),('禽类蛋品', '蛋类', '鸭蛋'),('禽类蛋品', '蛋类', '鹅蛋'),('禽类蛋品', '蛋类', '鹌鹑蛋'),('禽类蛋品', '蛋类', '皮蛋'),('禽类蛋品', '蛋类', '炸蛋'),
---------------------
('冷冻食饮', '冰激凌', '哈根达斯'),('冷冻食饮', '冰激凌', '哈根达斯'),('冷冻食饮', '冰激凌', '哈根达斯'),
('冷冻食饮', '酸奶', '蒙牛'),('冷冻食饮', '酸奶', '伊利'),('冷冻食饮', '酸奶', '光明'),
('冷冻食饮', '冰棒', '老冰棒'),('冷冻食饮', '冰棒', '老冰棒'),('冷冻食饮', '冰棒', '老冰棒'),
('冷冻食饮', '冷冻速食', '饺子'),('冷冻食饮', '冷冻速食', '汤圆'),('冷冻食饮', '冷冻速食', '馒头'),('冷冻食饮', '冷冻速食', '混沌'),
--------------------------------
('中外名酒', '中国', '茅台'),('中外名酒', '中国', '五粮液'),('中外名酒', '中国', '二锅头'),('中外名酒', '中国', '剑南春'),
('中外名酒', '俄罗斯', '伏特加'),('中外名酒', '俄罗斯', '伏特加'),('中外名酒', '俄罗斯', '伏特加'),
('中外名酒', '日本', '烧酒'),('中外名酒', '日本', '清酒'),
('中外名酒', '美国', '不知道什么酒'),('中外名酒', '美国', '不知道什么酒'),('中外名酒', '美国', '不知道什么酒'),('中外名酒', '美国', '不知道什么酒'),
('中外名酒', '英法', '不知道什么酒'),('中外名酒', '英法', '不知道什么酒'),('中外名酒', '英法', '不知道什么酒'),('中外名酒', '英法', '不知道什么酒'),
----------------------------------
('进口食品', '巧克力', '巧克力a'),('进口食品', '巧克力', '巧克力b'),('进口食品', '巧克力', '巧克力c'),('进口食品', '巧克力', '巧克力d'),('进口食品', '巧克力', '巧克力e'),
('进口食品', '奶粉', '奶粉a'),('进口食品', '奶粉', '奶粉b'),('进口食品', '奶粉', '奶粉c'),('进口食品', '奶粉', '奶粉d'),
('进口食品', '饼干', '饼干a'),('进口食品', '饼干', '饼干b'),('进口食品', '饼干', '饼干c'),('进口食品', '饼干', '饼干d'),('进口食品', '饼干', '饼干e'),
-----------------------
('地方特产', '武汉', '周黑鸭'),('地方特产', '武汉', '武昌鱼'),('地方特产', '武汉', '热干面'),('地方特产', '武汉', '小胡鸭'),
('地方特产', '北京', '哈哈哈'),('地方特产', '北京', '哈哈哈'),('地方特产', '北京', '哈哈哈'),('地方特产', '北京', '哈哈哈'),
('地方特产', '上海', '哈哈哈'),('地方特产', '上海', '哈哈哈'),('地方特产', '上海', '哈哈哈'),('地方特产', '上海', '哈哈哈'),('地方特产', '上海', '哈哈哈'),
('地方特产', '西安', '哈哈哈'),('地方特产', '西安', '哈哈哈'),('地方特产', '西安', '哈哈哈'),('地方特产', '西安', '哈哈哈'),
('地方特产', '成都', '哈哈哈'),('地方特产', '成都', '哈哈哈'),('地方特产', '成都', '哈哈哈'),('地方特产', '成都', '哈哈哈'),('地方特产', '成都', '哈哈哈'),
('地方特产', '杭州', '哈哈哈'),('地方特产', '杭州', '哈哈哈'),('地方特产', '杭州', '哈哈哈'),
('地方特产', '广州', '哈哈哈'),('地方特产', '广州', '哈哈哈'),('地方特产', '广州', '哈哈哈'),('地方特产', '广州', '哈哈哈'),
('地方特产', '南京', '哈哈哈'),('地方特产', '南京', '哈哈哈'),('地方特产', '南京', '哈哈哈'),('地方特产', '南京', '哈哈哈'),('地方特产', '南京', '哈哈哈'),
-----------------------------
('饮料冲调', '茶饮', '绿茶'),('饮料冲调', '茶饮', '红茶'),('饮料冲调', '茶饮', '茉莉茶'),('饮料冲调', '茶饮', '桂花茶'),
('饮料冲调', '咖啡', '摩卡'),('饮料冲调', '咖啡', '卡布奇诺'),('饮料冲调', '咖啡', '雀巢'),('饮料冲调', '咖啡', '蓝山'),('饮料冲调', '咖啡', '不知道'),
('饮料冲调', '奶茶', '香飘飘'),('饮料冲调', '奶茶', '香约'),('饮料冲调', '奶茶', '没了'),
('饮料冲调', '可乐', '可口可乐'),('饮料冲调', '可乐', '百事可乐'),('饮料冲调', '可乐', '非常可乐'),
('饮料冲调', '橙汁', '统一橙汁'),('饮料冲调', '橙汁', '汇源'),('饮料冲调', '橙汁', '康师傅'),
('饮料冲调', '纯净水', '怡宝'),('饮料冲调', '纯净水', '康师傅'),('饮料冲调', '纯净水', '农夫山泉'),('饮料冲调', '纯净水', '恒大冰泉'),
--------------------------------
('养生保健', '老年', '哈哈哈'),('养生保健', '老年', '哈哈哈'),('养生保健', '老年', '哈哈哈'),('养生保健', '老年', '哈哈哈'),('养生保健', '老年', '哈哈哈'),
('养生保健', '中年', '哈哈哈'),('养生保健', '中年', '哈哈哈'),('养生保健', '中年', '哈哈哈'),
('养生保健', '青年', '哈哈哈'),('养生保健', '青年', '哈哈哈'),('养生保健', '青年', '哈哈哈'),('养生保健', '青年', '哈哈哈'),
('养生保健', '幼儿', '哈哈哈'),('养生保健', '幼儿', '哈哈哈'),('养生保健', '幼儿', '哈哈哈'),
('养生保健', '男性', '哈哈哈'),('养生保健', '男性', '哈哈哈'),('养生保健', '男性', '哈哈哈'),('养生保健', '男性', '哈哈哈'),('养生保健', '男性', '哈哈哈'),('养生保健', '男性', '哈哈哈'),
('养生保健', '女性', '哈哈哈'),('养生保健', '女性', '哈哈哈'),('养生保健', '女性', '哈哈哈'),('养生保健', '女性', '哈哈哈'),('养生保健', '女性', '哈哈哈'),
------------------------
('粮油调味', '食用油', '香油'),('粮油调味', '食用油', '猪油'),('粮油调味', '食用油', '地沟油'),('粮油调味', '食用油', '润滑油'),
('粮油调味', '调味品', '盐'),('粮油调味', '调味品', '糖'),('粮油调味', '调味品', '味精'),('粮油调味', '调味品', '醋'),
('粮油调味', '方便食品', '方便面'),('粮油调味', '方便食品', '方便面'),('粮油调味', '方便食品', '方便面'),('粮油调味', '方便食品', '方便面');
----------------------